"OBJECTID","ID_0","ISO","NAME_0","ID_1","NAME_1","TYPE_1","ENGTYPE_1","NL_NAME_1","VARNAME_1"
1,184,"QAT","Qatar",1,"Ad Dawhah","Baladiyah","Municipality",NA,"Doha"
2,184,"QAT","Qatar",2,"Al Ghuwayriyah","Baladiyah","Municipality",NA,NA
3,184,"QAT","Qatar",3,"Al Jumayliyah","Baladiyah","Municipality",NA,"Al Gummayalah|Al Gummaylah"
4,184,"QAT","Qatar",4,"Al Khawr","Baladiyah","Municipality",NA,"Al Khor"
5,184,"QAT","Qatar",5,"Al Wakrah","Baladiyah","Municipality",NA,NA
6,184,"QAT","Qatar",6,"Ar Rayyan","Baladiyah","Municipality",NA,"Al Rayyan"
7,184,"QAT","Qatar",7,"Jariyan al Batnah","Baladiyah","Municipality",NA,"Jarayan al Batnah|Jarayan al Batnah|Jerian al"
8,184,"QAT","Qatar",8,"Madinat ach Shamal","Baladiyah","Municipality",NA,"Al Shamal|Ash Shamal"
9,184,"QAT","Qatar",9,"Umm Salal","Baladiyah","Municipality",NA,"Um Salal|Umm <U+1E62>alal"
